{
  "logistic_v1": {
    "accuracy": 0.4893009985734665,
    "log_loss": 1.0243485554572933,
    "brier_score": 0.22416936663517917
  },
  "rf_v1": {
    "accuracy": 0.4925106990014265,
    "log_loss": 1.035802191113254,
    "brier_score": 0.2240486679420738
  },
  "xgb_v1": {
    "accuracy": 0.4814550641940086,
    "log_loss": 1.030323247143354,
    "brier_score": 0.22619485794072866
  },
  "poisson_v1": {
    "accuracy": 0.48537803138373753,
    "log_loss": 1.0286353926826661,
    "brier_score": 0.22638810301159454
  },
  "elo_v1": {
    "accuracy": 0.4925106990014265,
    "log_loss": 1.0264953011240532,
    "brier_score": 0.2248299496130714
  },
  "dixon_coles_v1": {
    "accuracy": 0.48323823109843084,
    "log_loss": 1.0287885575130262,
    "brier_score": 0.2260131995170089
  },
  "lstm_v1": {
    "accuracy": 0.48216833095577744,
    "log_loss": 1.0301868363332587,
    "brier_score": 0.22630257506235163
  },
  "transformer_v1": {
    "accuracy": 0.4942938659058488,
    "log_loss": 1.0357964161411914,
    "brier_score": 0.22398272388351587
  },
  "ensemble_v1": {
    "accuracy": 0.49108416547788875,
    "log_loss": 1.0338054170224742,
    "brier_score": 0.22382601714491734
  },
  "market_v1": {
    "accuracy": 0.4917974322396576,
    "log_loss": 1.0261196649172928,
    "brier_score": 0.22489889513216507
  },
  "bayes_v1": {
    "accuracy": 0.492867332382311,
    "log_loss": 1.0251284567691155,
    "brier_score": 0.22569977098134766
  },
  "hybrid_v1": {
    "accuracy": 0.48323823109843084,
    "log_loss": 1.0326282531597308,
    "brier_score": 0.2268212445051612
  }
}